{
  "hash": "0f60bdc1",
  "configHash": "c2b23265",
  "lockfileHash": "0b8a8027",
  "browserHash": "4d3cfcd8",
  "optimized": {
    "@angular/cdk/a11y": {
      "src": "../../../../../node_modules/@angular/cdk/fesm2022/a11y.mjs",
      "file": "@angular_cdk_a11y.js",
      "fileHash": "97bfc4ae",
      "needsInterop": false
    },
    "@angular/cdk/accordion": {
      "src": "../../../../../node_modules/@angular/cdk/fesm2022/accordion.mjs",
      "file": "@angular_cdk_accordion.js",
      "fileHash": "a06b307d",
      "needsInterop": false
    },
    "@angular/cdk/clipboard": {
      "src": "../../../../../node_modules/@angular/cdk/fesm2022/clipboard.mjs",
      "file": "@angular_cdk_clipboard.js",
      "fileHash": "84358d81",
      "needsInterop": false
    },
    "@angular/cdk/drag-drop": {
      "src": "../../../../../node_modules/@angular/cdk/fesm2022/drag-drop.mjs",
      "file": "@angular_cdk_drag-drop.js",
      "fileHash": "2dff5858",
      "needsInterop": false
    },
    "@angular/cdk/overlay": {
      "src": "../../../../../node_modules/@angular/cdk/fesm2022/overlay.mjs",
      "file": "@angular_cdk_overlay.js",
      "fileHash": "a9e07c2a",
      "needsInterop": false
    },
    "@angular/cdk/portal": {
      "src": "../../../../../node_modules/@angular/cdk/fesm2022/portal.mjs",
      "file": "@angular_cdk_portal.js",
      "fileHash": "50e53fd0",
      "needsInterop": false
    },
    "@angular/cdk/scrolling": {
      "src": "../../../../../node_modules/@angular/cdk/fesm2022/scrolling.mjs",
      "file": "@angular_cdk_scrolling.js",
      "fileHash": "bc41d9de",
      "needsInterop": false
    },
    "@angular/cdk/stepper": {
      "src": "../../../../../node_modules/@angular/cdk/fesm2022/stepper.mjs",
      "file": "@angular_cdk_stepper.js",
      "fileHash": "e3863882",
      "needsInterop": false
    },
    "@angular/cdk/table": {
      "src": "../../../../../node_modules/@angular/cdk/fesm2022/table.mjs",
      "file": "@angular_cdk_table.js",
      "fileHash": "ecf53c6b",
      "needsInterop": false
    },
    "@angular/cdk/tree": {
      "src": "../../../../../node_modules/@angular/cdk/fesm2022/tree.mjs",
      "file": "@angular_cdk_tree.js",
      "fileHash": "f93c4ed8",
      "needsInterop": false
    },
    "@angular/common": {
      "src": "../../../../../node_modules/@angular/common/fesm2022/common.mjs",
      "file": "@angular_common.js",
      "fileHash": "aa754c5a",
      "needsInterop": false
    },
    "@angular/common/http": {
      "src": "../../../../../node_modules/@angular/common/fesm2022/http.mjs",
      "file": "@angular_common_http.js",
      "fileHash": "e9b5e7d2",
      "needsInterop": false
    },
    "@angular/core": {
      "src": "../../../../../node_modules/@angular/core/fesm2022/core.mjs",
      "file": "@angular_core.js",
      "fileHash": "f21bc895",
      "needsInterop": false
    },
    "@angular/forms": {
      "src": "../../../../../node_modules/@angular/forms/fesm2022/forms.mjs",
      "file": "@angular_forms.js",
      "fileHash": "f709b87f",
      "needsInterop": false
    },
    "@angular/material/autocomplete": {
      "src": "../../../../../node_modules/@angular/material/fesm2022/autocomplete.mjs",
      "file": "@angular_material_autocomplete.js",
      "fileHash": "01c6784d",
      "needsInterop": false
    },
    "@angular/material/badge": {
      "src": "../../../../../node_modules/@angular/material/fesm2022/badge.mjs",
      "file": "@angular_material_badge.js",
      "fileHash": "b98bf231",
      "needsInterop": false
    },
    "@angular/material/bottom-sheet": {
      "src": "../../../../../node_modules/@angular/material/fesm2022/bottom-sheet.mjs",
      "file": "@angular_material_bottom-sheet.js",
      "fileHash": "c478b20b",
      "needsInterop": false
    },
    "@angular/material/button": {
      "src": "../../../../../node_modules/@angular/material/fesm2022/button.mjs",
      "file": "@angular_material_button.js",
      "fileHash": "e9cd1dca",
      "needsInterop": false
    },
    "@angular/material/button-toggle": {
      "src": "../../../../../node_modules/@angular/material/fesm2022/button-toggle.mjs",
      "file": "@angular_material_button-toggle.js",
      "fileHash": "cc50276d",
      "needsInterop": false
    },
    "@angular/material/card": {
      "src": "../../../../../node_modules/@angular/material/fesm2022/card.mjs",
      "file": "@angular_material_card.js",
      "fileHash": "fda35e5c",
      "needsInterop": false
    },
    "@angular/material/checkbox": {
      "src": "../../../../../node_modules/@angular/material/fesm2022/checkbox.mjs",
      "file": "@angular_material_checkbox.js",
      "fileHash": "070973e8",
      "needsInterop": false
    },
    "@angular/material/chips": {
      "src": "../../../../../node_modules/@angular/material/fesm2022/chips.mjs",
      "file": "@angular_material_chips.js",
      "fileHash": "6814f008",
      "needsInterop": false
    },
    "@angular/material/core": {
      "src": "../../../../../node_modules/@angular/material/fesm2022/core.mjs",
      "file": "@angular_material_core.js",
      "fileHash": "b39bfaa1",
      "needsInterop": false
    },
    "@angular/material/datepicker": {
      "src": "../../../../../node_modules/@angular/material/fesm2022/datepicker.mjs",
      "file": "@angular_material_datepicker.js",
      "fileHash": "3baac56b",
      "needsInterop": false
    },
    "@angular/material/dialog": {
      "src": "../../../../../node_modules/@angular/material/fesm2022/dialog.mjs",
      "file": "@angular_material_dialog.js",
      "fileHash": "24984e65",
      "needsInterop": false
    },
    "@angular/material/divider": {
      "src": "../../../../../node_modules/@angular/material/fesm2022/divider.mjs",
      "file": "@angular_material_divider.js",
      "fileHash": "eff5d8f8",
      "needsInterop": false
    },
    "@angular/material/expansion": {
      "src": "../../../../../node_modules/@angular/material/fesm2022/expansion.mjs",
      "file": "@angular_material_expansion.js",
      "fileHash": "60d46b9c",
      "needsInterop": false
    },
    "@angular/material/form-field": {
      "src": "../../../../../node_modules/@angular/material/fesm2022/form-field.mjs",
      "file": "@angular_material_form-field.js",
      "fileHash": "0006e8e0",
      "needsInterop": false
    },
    "@angular/material/grid-list": {
      "src": "../../../../../node_modules/@angular/material/fesm2022/grid-list.mjs",
      "file": "@angular_material_grid-list.js",
      "fileHash": "af0dfa5b",
      "needsInterop": false
    },
    "@angular/material/icon": {
      "src": "../../../../../node_modules/@angular/material/fesm2022/icon.mjs",
      "file": "@angular_material_icon.js",
      "fileHash": "fbeba323",
      "needsInterop": false
    },
    "@angular/material/input": {
      "src": "../../../../../node_modules/@angular/material/fesm2022/input.mjs",
      "file": "@angular_material_input.js",
      "fileHash": "50f53815",
      "needsInterop": false
    },
    "@angular/material/list": {
      "src": "../../../../../node_modules/@angular/material/fesm2022/list.mjs",
      "file": "@angular_material_list.js",
      "fileHash": "c43a5001",
      "needsInterop": false
    },
    "@angular/material/menu": {
      "src": "../../../../../node_modules/@angular/material/fesm2022/menu.mjs",
      "file": "@angular_material_menu.js",
      "fileHash": "7d80dd3a",
      "needsInterop": false
    },
    "@angular/material/paginator": {
      "src": "../../../../../node_modules/@angular/material/fesm2022/paginator.mjs",
      "file": "@angular_material_paginator.js",
      "fileHash": "f36581b3",
      "needsInterop": false
    },
    "@angular/material/progress-bar": {
      "src": "../../../../../node_modules/@angular/material/fesm2022/progress-bar.mjs",
      "file": "@angular_material_progress-bar.js",
      "fileHash": "975ef0d2",
      "needsInterop": false
    },
    "@angular/material/progress-spinner": {
      "src": "../../../../../node_modules/@angular/material/fesm2022/progress-spinner.mjs",
      "file": "@angular_material_progress-spinner.js",
      "fileHash": "a3f3c235",
      "needsInterop": false
    },
    "@angular/material/radio": {
      "src": "../../../../../node_modules/@angular/material/fesm2022/radio.mjs",
      "file": "@angular_material_radio.js",
      "fileHash": "ec85af04",
      "needsInterop": false
    },
    "@angular/material/select": {
      "src": "../../../../../node_modules/@angular/material/fesm2022/select.mjs",
      "file": "@angular_material_select.js",
      "fileHash": "a7b12bc1",
      "needsInterop": false
    },
    "@angular/material/sidenav": {
      "src": "../../../../../node_modules/@angular/material/fesm2022/sidenav.mjs",
      "file": "@angular_material_sidenav.js",
      "fileHash": "25bdbede",
      "needsInterop": false
    },
    "@angular/material/slide-toggle": {
      "src": "../../../../../node_modules/@angular/material/fesm2022/slide-toggle.mjs",
      "file": "@angular_material_slide-toggle.js",
      "fileHash": "22c274e6",
      "needsInterop": false
    },
    "@angular/material/slider": {
      "src": "../../../../../node_modules/@angular/material/fesm2022/slider.mjs",
      "file": "@angular_material_slider.js",
      "fileHash": "46797c83",
      "needsInterop": false
    },
    "@angular/material/snack-bar": {
      "src": "../../../../../node_modules/@angular/material/fesm2022/snack-bar.mjs",
      "file": "@angular_material_snack-bar.js",
      "fileHash": "db2a6422",
      "needsInterop": false
    },
    "@angular/material/sort": {
      "src": "../../../../../node_modules/@angular/material/fesm2022/sort.mjs",
      "file": "@angular_material_sort.js",
      "fileHash": "0653d07c",
      "needsInterop": false
    },
    "@angular/material/stepper": {
      "src": "../../../../../node_modules/@angular/material/fesm2022/stepper.mjs",
      "file": "@angular_material_stepper.js",
      "fileHash": "f5f384b6",
      "needsInterop": false
    },
    "@angular/material/table": {
      "src": "../../../../../node_modules/@angular/material/fesm2022/table.mjs",
      "file": "@angular_material_table.js",
      "fileHash": "67e5946f",
      "needsInterop": false
    },
    "@angular/material/tabs": {
      "src": "../../../../../node_modules/@angular/material/fesm2022/tabs.mjs",
      "file": "@angular_material_tabs.js",
      "fileHash": "1a99dc86",
      "needsInterop": false
    },
    "@angular/material/toolbar": {
      "src": "../../../../../node_modules/@angular/material/fesm2022/toolbar.mjs",
      "file": "@angular_material_toolbar.js",
      "fileHash": "1561036c",
      "needsInterop": false
    },
    "@angular/material/tooltip": {
      "src": "../../../../../node_modules/@angular/material/fesm2022/tooltip.mjs",
      "file": "@angular_material_tooltip.js",
      "fileHash": "38ae7a9a",
      "needsInterop": false
    },
    "@angular/material/tree": {
      "src": "../../../../../node_modules/@angular/material/fesm2022/tree.mjs",
      "file": "@angular_material_tree.js",
      "fileHash": "79ca93f0",
      "needsInterop": false
    },
    "@angular/platform-browser": {
      "src": "../../../../../node_modules/@angular/platform-browser/fesm2022/platform-browser.mjs",
      "file": "@angular_platform-browser.js",
      "fileHash": "83d0b62d",
      "needsInterop": false
    },
    "@angular/platform-browser/animations/async": {
      "src": "../../../../../node_modules/@angular/platform-browser/fesm2022/animations/async.mjs",
      "file": "@angular_platform-browser_animations_async.js",
      "fileHash": "2ec9302d",
      "needsInterop": false
    },
    "@angular/router": {
      "src": "../../../../../node_modules/@angular/router/fesm2022/router.mjs",
      "file": "@angular_router.js",
      "fileHash": "d3afe0b6",
      "needsInterop": false
    }
  },
  "chunks": {
    "browser-VTWRAGTN": {
      "file": "browser-VTWRAGTN.js"
    },
    "chunk-KWN35VMK": {
      "file": "chunk-KWN35VMK.js"
    },
    "chunk-V7H3ATUP": {
      "file": "chunk-V7H3ATUP.js"
    },
    "chunk-JDGQBBEB": {
      "file": "chunk-JDGQBBEB.js"
    },
    "chunk-FP2J2FIE": {
      "file": "chunk-FP2J2FIE.js"
    },
    "chunk-VTZJG4V5": {
      "file": "chunk-VTZJG4V5.js"
    },
    "chunk-MLIQFO3O": {
      "file": "chunk-MLIQFO3O.js"
    },
    "chunk-FATJIYP3": {
      "file": "chunk-FATJIYP3.js"
    },
    "chunk-Z2THCCFO": {
      "file": "chunk-Z2THCCFO.js"
    },
    "chunk-NCSRWVFS": {
      "file": "chunk-NCSRWVFS.js"
    },
    "chunk-TNVEPSH6": {
      "file": "chunk-TNVEPSH6.js"
    },
    "chunk-WSQBLUUT": {
      "file": "chunk-WSQBLUUT.js"
    },
    "chunk-QQ7D5T3E": {
      "file": "chunk-QQ7D5T3E.js"
    },
    "chunk-RTYSWLYT": {
      "file": "chunk-RTYSWLYT.js"
    },
    "chunk-W5ZAII6Q": {
      "file": "chunk-W5ZAII6Q.js"
    },
    "chunk-VEZGAPSL": {
      "file": "chunk-VEZGAPSL.js"
    },
    "chunk-74UPLWOU": {
      "file": "chunk-74UPLWOU.js"
    },
    "chunk-S4AFALBN": {
      "file": "chunk-S4AFALBN.js"
    },
    "chunk-DZ232FYV": {
      "file": "chunk-DZ232FYV.js"
    },
    "chunk-7JHNZ6UR": {
      "file": "chunk-7JHNZ6UR.js"
    },
    "chunk-VTWI7B5H": {
      "file": "chunk-VTWI7B5H.js"
    },
    "chunk-ONHTYWS5": {
      "file": "chunk-ONHTYWS5.js"
    },
    "chunk-RAGAI4KM": {
      "file": "chunk-RAGAI4KM.js"
    },
    "chunk-RILH4CBY": {
      "file": "chunk-RILH4CBY.js"
    },
    "chunk-HSNK2NXK": {
      "file": "chunk-HSNK2NXK.js"
    },
    "chunk-FETPF7OR": {
      "file": "chunk-FETPF7OR.js"
    },
    "chunk-25AXBXWS": {
      "file": "chunk-25AXBXWS.js"
    },
    "chunk-EAXIUE4G": {
      "file": "chunk-EAXIUE4G.js"
    },
    "chunk-FLFNY6JX": {
      "file": "chunk-FLFNY6JX.js"
    }
  }
}