{
  "hash": "d2b29a42",
  "configHash": "1cf6d740",
  "lockfileHash": "0b8a8027",
  "browserHash": "c450f2ed",
  "optimized": {
    "@angular/cdk/a11y": {
      "src": "../../../../../node_modules/@angular/cdk/fesm2022/a11y.mjs",
      "file": "@angular_cdk_a11y.js",
      "fileHash": "5b1663cc",
      "needsInterop": false
    },
    "@angular/cdk/accordion": {
      "src": "../../../../../node_modules/@angular/cdk/fesm2022/accordion.mjs",
      "file": "@angular_cdk_accordion.js",
      "fileHash": "69719646",
      "needsInterop": false
    },
    "@angular/cdk/clipboard": {
      "src": "../../../../../node_modules/@angular/cdk/fesm2022/clipboard.mjs",
      "file": "@angular_cdk_clipboard.js",
      "fileHash": "8472bca3",
      "needsInterop": false
    },
    "@angular/cdk/drag-drop": {
      "src": "../../../../../node_modules/@angular/cdk/fesm2022/drag-drop.mjs",
      "file": "@angular_cdk_drag-drop.js",
      "fileHash": "c1a723c4",
      "needsInterop": false
    },
    "@angular/cdk/overlay": {
      "src": "../../../../../node_modules/@angular/cdk/fesm2022/overlay.mjs",
      "file": "@angular_cdk_overlay.js",
      "fileHash": "10b6b026",
      "needsInterop": false
    },
    "@angular/cdk/portal": {
      "src": "../../../../../node_modules/@angular/cdk/fesm2022/portal.mjs",
      "file": "@angular_cdk_portal.js",
      "fileHash": "1ac60f2c",
      "needsInterop": false
    },
    "@angular/cdk/scrolling": {
      "src": "../../../../../node_modules/@angular/cdk/fesm2022/scrolling.mjs",
      "file": "@angular_cdk_scrolling.js",
      "fileHash": "0090f4d8",
      "needsInterop": false
    },
    "@angular/cdk/stepper": {
      "src": "../../../../../node_modules/@angular/cdk/fesm2022/stepper.mjs",
      "file": "@angular_cdk_stepper.js",
      "fileHash": "be65df11",
      "needsInterop": false
    },
    "@angular/cdk/table": {
      "src": "../../../../../node_modules/@angular/cdk/fesm2022/table.mjs",
      "file": "@angular_cdk_table.js",
      "fileHash": "1a1c5d97",
      "needsInterop": false
    },
    "@angular/cdk/tree": {
      "src": "../../../../../node_modules/@angular/cdk/fesm2022/tree.mjs",
      "file": "@angular_cdk_tree.js",
      "fileHash": "e5567d3c",
      "needsInterop": false
    },
    "@angular/common": {
      "src": "../../../../../node_modules/@angular/common/fesm2022/common.mjs",
      "file": "@angular_common.js",
      "fileHash": "203d1334",
      "needsInterop": false
    },
    "@angular/common/http": {
      "src": "../../../../../node_modules/@angular/common/fesm2022/http.mjs",
      "file": "@angular_common_http.js",
      "fileHash": "8e9322b7",
      "needsInterop": false
    },
    "@angular/core": {
      "src": "../../../../../node_modules/@angular/core/fesm2022/core.mjs",
      "file": "@angular_core.js",
      "fileHash": "267725b2",
      "needsInterop": false
    },
    "@angular/forms": {
      "src": "../../../../../node_modules/@angular/forms/fesm2022/forms.mjs",
      "file": "@angular_forms.js",
      "fileHash": "1a51fc9c",
      "needsInterop": false
    },
    "@angular/material/autocomplete": {
      "src": "../../../../../node_modules/@angular/material/fesm2022/autocomplete.mjs",
      "file": "@angular_material_autocomplete.js",
      "fileHash": "d6cacdca",
      "needsInterop": false
    },
    "@angular/material/badge": {
      "src": "../../../../../node_modules/@angular/material/fesm2022/badge.mjs",
      "file": "@angular_material_badge.js",
      "fileHash": "1eb25aed",
      "needsInterop": false
    },
    "@angular/material/bottom-sheet": {
      "src": "../../../../../node_modules/@angular/material/fesm2022/bottom-sheet.mjs",
      "file": "@angular_material_bottom-sheet.js",
      "fileHash": "4c23a5df",
      "needsInterop": false
    },
    "@angular/material/button": {
      "src": "../../../../../node_modules/@angular/material/fesm2022/button.mjs",
      "file": "@angular_material_button.js",
      "fileHash": "362eb417",
      "needsInterop": false
    },
    "@angular/material/button-toggle": {
      "src": "../../../../../node_modules/@angular/material/fesm2022/button-toggle.mjs",
      "file": "@angular_material_button-toggle.js",
      "fileHash": "3f1a1b08",
      "needsInterop": false
    },
    "@angular/material/card": {
      "src": "../../../../../node_modules/@angular/material/fesm2022/card.mjs",
      "file": "@angular_material_card.js",
      "fileHash": "6c78d403",
      "needsInterop": false
    },
    "@angular/material/checkbox": {
      "src": "../../../../../node_modules/@angular/material/fesm2022/checkbox.mjs",
      "file": "@angular_material_checkbox.js",
      "fileHash": "d6bd08e7",
      "needsInterop": false
    },
    "@angular/material/chips": {
      "src": "../../../../../node_modules/@angular/material/fesm2022/chips.mjs",
      "file": "@angular_material_chips.js",
      "fileHash": "d106f18d",
      "needsInterop": false
    },
    "@angular/material/core": {
      "src": "../../../../../node_modules/@angular/material/fesm2022/core.mjs",
      "file": "@angular_material_core.js",
      "fileHash": "4b7a8b9b",
      "needsInterop": false
    },
    "@angular/material/datepicker": {
      "src": "../../../../../node_modules/@angular/material/fesm2022/datepicker.mjs",
      "file": "@angular_material_datepicker.js",
      "fileHash": "d38764df",
      "needsInterop": false
    },
    "@angular/material/dialog": {
      "src": "../../../../../node_modules/@angular/material/fesm2022/dialog.mjs",
      "file": "@angular_material_dialog.js",
      "fileHash": "51085004",
      "needsInterop": false
    },
    "@angular/material/divider": {
      "src": "../../../../../node_modules/@angular/material/fesm2022/divider.mjs",
      "file": "@angular_material_divider.js",
      "fileHash": "2a7ab94e",
      "needsInterop": false
    },
    "@angular/material/expansion": {
      "src": "../../../../../node_modules/@angular/material/fesm2022/expansion.mjs",
      "file": "@angular_material_expansion.js",
      "fileHash": "c89f5ad9",
      "needsInterop": false
    },
    "@angular/material/form-field": {
      "src": "../../../../../node_modules/@angular/material/fesm2022/form-field.mjs",
      "file": "@angular_material_form-field.js",
      "fileHash": "6656ca49",
      "needsInterop": false
    },
    "@angular/material/grid-list": {
      "src": "../../../../../node_modules/@angular/material/fesm2022/grid-list.mjs",
      "file": "@angular_material_grid-list.js",
      "fileHash": "c5a7d2aa",
      "needsInterop": false
    },
    "@angular/material/icon": {
      "src": "../../../../../node_modules/@angular/material/fesm2022/icon.mjs",
      "file": "@angular_material_icon.js",
      "fileHash": "f1b23c95",
      "needsInterop": false
    },
    "@angular/material/input": {
      "src": "../../../../../node_modules/@angular/material/fesm2022/input.mjs",
      "file": "@angular_material_input.js",
      "fileHash": "202b2ab5",
      "needsInterop": false
    },
    "@angular/material/list": {
      "src": "../../../../../node_modules/@angular/material/fesm2022/list.mjs",
      "file": "@angular_material_list.js",
      "fileHash": "5cd69781",
      "needsInterop": false
    },
    "@angular/material/menu": {
      "src": "../../../../../node_modules/@angular/material/fesm2022/menu.mjs",
      "file": "@angular_material_menu.js",
      "fileHash": "58f044cc",
      "needsInterop": false
    },
    "@angular/material/paginator": {
      "src": "../../../../../node_modules/@angular/material/fesm2022/paginator.mjs",
      "file": "@angular_material_paginator.js",
      "fileHash": "41290148",
      "needsInterop": false
    },
    "@angular/material/progress-bar": {
      "src": "../../../../../node_modules/@angular/material/fesm2022/progress-bar.mjs",
      "file": "@angular_material_progress-bar.js",
      "fileHash": "109d48ca",
      "needsInterop": false
    },
    "@angular/material/progress-spinner": {
      "src": "../../../../../node_modules/@angular/material/fesm2022/progress-spinner.mjs",
      "file": "@angular_material_progress-spinner.js",
      "fileHash": "86df8d3e",
      "needsInterop": false
    },
    "@angular/material/radio": {
      "src": "../../../../../node_modules/@angular/material/fesm2022/radio.mjs",
      "file": "@angular_material_radio.js",
      "fileHash": "5fc99466",
      "needsInterop": false
    },
    "@angular/material/select": {
      "src": "../../../../../node_modules/@angular/material/fesm2022/select.mjs",
      "file": "@angular_material_select.js",
      "fileHash": "6452049b",
      "needsInterop": false
    },
    "@angular/material/sidenav": {
      "src": "../../../../../node_modules/@angular/material/fesm2022/sidenav.mjs",
      "file": "@angular_material_sidenav.js",
      "fileHash": "f3b3935d",
      "needsInterop": false
    },
    "@angular/material/slide-toggle": {
      "src": "../../../../../node_modules/@angular/material/fesm2022/slide-toggle.mjs",
      "file": "@angular_material_slide-toggle.js",
      "fileHash": "38fcf7cd",
      "needsInterop": false
    },
    "@angular/material/slider": {
      "src": "../../../../../node_modules/@angular/material/fesm2022/slider.mjs",
      "file": "@angular_material_slider.js",
      "fileHash": "530cb170",
      "needsInterop": false
    },
    "@angular/material/snack-bar": {
      "src": "../../../../../node_modules/@angular/material/fesm2022/snack-bar.mjs",
      "file": "@angular_material_snack-bar.js",
      "fileHash": "a92e83d8",
      "needsInterop": false
    },
    "@angular/material/sort": {
      "src": "../../../../../node_modules/@angular/material/fesm2022/sort.mjs",
      "file": "@angular_material_sort.js",
      "fileHash": "00dbdef9",
      "needsInterop": false
    },
    "@angular/material/stepper": {
      "src": "../../../../../node_modules/@angular/material/fesm2022/stepper.mjs",
      "file": "@angular_material_stepper.js",
      "fileHash": "0529eab1",
      "needsInterop": false
    },
    "@angular/material/table": {
      "src": "../../../../../node_modules/@angular/material/fesm2022/table.mjs",
      "file": "@angular_material_table.js",
      "fileHash": "e14b1c3f",
      "needsInterop": false
    },
    "@angular/material/tabs": {
      "src": "../../../../../node_modules/@angular/material/fesm2022/tabs.mjs",
      "file": "@angular_material_tabs.js",
      "fileHash": "0a808ee1",
      "needsInterop": false
    },
    "@angular/material/toolbar": {
      "src": "../../../../../node_modules/@angular/material/fesm2022/toolbar.mjs",
      "file": "@angular_material_toolbar.js",
      "fileHash": "ccf27bac",
      "needsInterop": false
    },
    "@angular/material/tooltip": {
      "src": "../../../../../node_modules/@angular/material/fesm2022/tooltip.mjs",
      "file": "@angular_material_tooltip.js",
      "fileHash": "9fa7baff",
      "needsInterop": false
    },
    "@angular/material/tree": {
      "src": "../../../../../node_modules/@angular/material/fesm2022/tree.mjs",
      "file": "@angular_material_tree.js",
      "fileHash": "3ef9d465",
      "needsInterop": false
    },
    "@angular/platform-browser": {
      "src": "../../../../../node_modules/@angular/platform-browser/fesm2022/platform-browser.mjs",
      "file": "@angular_platform-browser.js",
      "fileHash": "00f7a201",
      "needsInterop": false
    },
    "@angular/platform-browser/animations/async": {
      "src": "../../../../../node_modules/@angular/platform-browser/fesm2022/animations/async.mjs",
      "file": "@angular_platform-browser_animations_async.js",
      "fileHash": "561f1e9c",
      "needsInterop": false
    },
    "@angular/platform-server": {
      "src": "../../../../../node_modules/@angular/platform-server/fesm2022/platform-server.mjs",
      "file": "@angular_platform-server.js",
      "fileHash": "5581cb25",
      "needsInterop": false
    },
    "@angular/router": {
      "src": "../../../../../node_modules/@angular/router/fesm2022/router.mjs",
      "file": "@angular_router.js",
      "fileHash": "ac9a116c",
      "needsInterop": false
    }
  },
  "chunks": {
    "browser-TDCECPVS": {
      "file": "browser-TDCECPVS.js"
    },
    "chunk-BEDLFAHQ": {
      "file": "chunk-BEDLFAHQ.js"
    },
    "xhr2-AQ42KH57": {
      "file": "xhr2-AQ42KH57.js"
    },
    "chunk-WBBJOABD": {
      "file": "chunk-WBBJOABD.js"
    },
    "chunk-WADH6FIV": {
      "file": "chunk-WADH6FIV.js"
    },
    "chunk-4VVBAU5I": {
      "file": "chunk-4VVBAU5I.js"
    },
    "chunk-ESWRLRVC": {
      "file": "chunk-ESWRLRVC.js"
    },
    "chunk-SM3DZPXQ": {
      "file": "chunk-SM3DZPXQ.js"
    },
    "chunk-Y5BNM5T3": {
      "file": "chunk-Y5BNM5T3.js"
    },
    "chunk-JF6BJVPZ": {
      "file": "chunk-JF6BJVPZ.js"
    },
    "chunk-INXXWWB4": {
      "file": "chunk-INXXWWB4.js"
    },
    "chunk-EMLPHTHA": {
      "file": "chunk-EMLPHTHA.js"
    },
    "chunk-NFZOFDEE": {
      "file": "chunk-NFZOFDEE.js"
    },
    "chunk-EZE7LWPT": {
      "file": "chunk-EZE7LWPT.js"
    },
    "chunk-RESJZY7B": {
      "file": "chunk-RESJZY7B.js"
    },
    "chunk-C23Z5CTY": {
      "file": "chunk-C23Z5CTY.js"
    },
    "chunk-BN4WYJLE": {
      "file": "chunk-BN4WYJLE.js"
    },
    "chunk-GRG66QQ4": {
      "file": "chunk-GRG66QQ4.js"
    },
    "chunk-UC43MJ7S": {
      "file": "chunk-UC43MJ7S.js"
    },
    "chunk-PYQJGNEB": {
      "file": "chunk-PYQJGNEB.js"
    },
    "chunk-GMC7CQXW": {
      "file": "chunk-GMC7CQXW.js"
    },
    "chunk-IBFTUKG6": {
      "file": "chunk-IBFTUKG6.js"
    },
    "chunk-5CXFAXPK": {
      "file": "chunk-5CXFAXPK.js"
    },
    "chunk-IWYWX7YL": {
      "file": "chunk-IWYWX7YL.js"
    },
    "chunk-F64FNFHC": {
      "file": "chunk-F64FNFHC.js"
    },
    "chunk-YABI4QIU": {
      "file": "chunk-YABI4QIU.js"
    },
    "chunk-PRQLH3Z6": {
      "file": "chunk-PRQLH3Z6.js"
    },
    "chunk-BMXJAABB": {
      "file": "chunk-BMXJAABB.js"
    },
    "chunk-5Z3E2ZX6": {
      "file": "chunk-5Z3E2ZX6.js"
    },
    "chunk-XKMCCLCQ": {
      "file": "chunk-XKMCCLCQ.js"
    },
    "chunk-GPPHCCFQ": {
      "file": "chunk-GPPHCCFQ.js"
    },
    "chunk-NQ4HTGF6": {
      "file": "chunk-NQ4HTGF6.js"
    }
  }
}